ライバー,VideoCount
AiraniIofifteen 399
AnyaMelfissa 328
AyundaRisu 531
AZKi 235
CeresFauna 155
GawrGura 340
HakosBaelz 200
IRyS 181
KaelaKovalskia 67
KoboKanaeru 44
KureijiOllie 473
MoonaHoshinova 410
MoriCalliope 472
NanashiMumei 152
NinomaeIna'nis 404
OuroKronii 123
PavoliaReine 528
TakabashiKiara 528
TsukumoSana 89
VestiaZeta 56
WatsonAmelia 551
さくらみこ 757
ときのそら 613
アキ・ローゼンタール 570
ラプラス・ダークネス 151
ロボ子さん 1000
不知火フレア 854
兎田ぺこら 945
博衣こより 306
夏色まつり 746
夜空メル 307
大神ミオ 508
大空スバル 627
天音かなた 854
姫森ルーナ 459
宝鐘マリン 742
尾丸ポルカ 661
常闇トワ 697
戌神ころね 551
星街すいせい 512
桃鈴ねね 492
沙花叉クロヱ 137
湊あくあ 440
猫又おかゆ 573
獅白ぼたん 584
癒月ちょこ 457
白神フブキ 1496
白銀ノエル 646
百鬼あやめ 206
紫咲シオン 428
角巻わため 907
赤井はあと 769
雪花ラミィ 652
風真いろは 170
鷹嶺ルイ 301
